Strain ,KRE33_chr14_376315,chr12_646707,chr14_470303,chr15_154799
LK1-A02,0,1,1,0
LK1-A05,0,1,1,0
LK1-A06,0,0,0,0
LK1-A07,1,1,1,1
LK1-A09,1,0,1,1
LK1-A10,1,1,0,1
LK1-A12,1,1,1,0
LK1-B01,0,0,0,0
LK1-B03,1,0,1,0
LK1-B04,1,0,1,1
LK1-B05,1,0,1,0
LK1-B08,1,1,0,1
LK1-C01,0,0,0,1
LK1-C06,0,1,1,1
LK1-C07,0,1,0,1
LK1-C09,0,0,1,0
LK1-C11,0,1,0,0
LK1-D01,0,1,0,0
LK1-D02,1,0,1,0
LK1-D06,1,0,1,1
LK1-D08,0,1,0,1
LK1-D09,0,1,0,0
LK1-D10,1,0,1,1
LK1-D12,1,0,1,0
LK1-E01,1,1,1,1
LK1-E04,0,1,0,0
LK1-E05,0,0,0,1
LK1-E07,1,0,1,1
LK1-E09,0,1,1,1
LK1-F03,0,0,0,0
LK1-F05,0,0,0,0
LK1-G03,0,1,0,0
LK1-G04,1,0,1,1
LK1-G07,0,1,1,0
LK1-G08,1,1,0,1
LK1-G09,1,0,1,1
LK1-G10,0,0,0,0
LK1-G11,0,1,0,1
LK1-G12,1,0,0,1
LK1-H02,0,1,1,0
LK1-H03,0,1,1,0
LK1-H04,1,1,0,1
LK1-H09,0,0,1,0
LK1-H12,0,1,0,1
LK2-A01,0,0,0,0
LK2-A05,1,0,1,1
LK2-A06,1,1,1,0
LK2-A07,1,1,1,0
LK2-A09,1,1,0,1
LK2-A10,1,0,1,1
LK2-A11,1,0,0,1
LK2-A12,1,0,0,0
LK2-B04,0,1,1,0
LK2-B05,0,1,0,0
LK2-B07,0,0,0,1
LK2-C05,1,1,0,0
LK2-C06,0,0,0,0
LK2-C08,0,0,1,0
LK2-C09,1,1,1,0
LK2-D03,0,1,1,0
LK2-D04,0,1,1,0
LK2-D05,1,1,1,0
LK2-D07,1,0,1,1
LK2-D09,1,0,1,1
LK2-E07,0,1,0,1
LK2-E08,1,1,1,0
LK2-E10,0,1,0,1
LK2-E12,0,1,0,1
LK2-F03,1,1,0,0
LK2-F04,0,0,1,0
LK2-F05,1,0,1,1
LK2-F07,0,1,0,1
LK2-F11,0,0,1,1
LK2-F12,0,0,0,1
LK2-G06,0,0,0,0
LK2-G07,0,1,0,1
LK2-G09,1,0,1,1
LK2-G10,1,1,1,0
LK2-H06,0,0,0,1
LK3-A01,0,0,0,1
LK3-A03,1,1,1,0
LK3-A05,0,0,1,1
LK3-A07,0,1,0,1
LK3-A12,0,1,0,1
LK3-B02,1,0,0,1
LK3-B03,0,0,0,1
LK3-B04,1,1,0,0
LK3-B07,0,0,1,1
LK3-B08,0,0,0,1
LK3-B10,0,1,0,0
LK3-B11,1,1,0,0
LK3-B12,1,1,0,1
LK3-C01,1,0,1,1
LK3-C02,1,0,1,1
LK3-C03,0,1,1,0
LK3-C04,0,0,0,1
LK3-C06,0,1,0,1
LK3-C08,0,1,1,1
LK3-C09,1,1,1,1
LK3-C11,1,1,1,0
LK3-C12,0,0,0,1
LK3-D01,0,1,0,1
LK3-D04,1,1,0,1
LK3-D05,1,0,1,1
LK3-D08,0,1,0,1
LK3-D09,1,0,1,0
LK3-D12,0,0,0,1
LK3-E03,0,0,1,1
LK3-E06,0,1,0,0
LK3-E09,1,0,1,0
LK3-E11,0,1,0,0
LK3-F06,1,0,1,1
LK3-F10,0,0,1,1
LK3-F12,0,0,0,1
LK3-G01,0,1,0,1
LK3-G02,0,1,0,1
LK3-G07,0,0,0,1
LK3-G08,0,0,1,0
LK3-G10,1,1,0,1
LK3-G11,1,1,1,0
LK3-H01,1,1,0,0
LK3-H03,1,1,1,1
LK3-H05,0,0,0,0
LK3-H06,0,0,0,0
LK3-H08,1,0,1,1
LK3-H10,0,0,0,1
LK3-H11,1,0,1,1
LK4-A04,0,0,0,0
LK4-A10,1,0,0,1
LK4-A12,0,0,0,0
LK4-B01,1,0,1,0
LK4-B03,1,1,0,1
LK4-B04,1,0,1,0
LK4-B05,1,1,1,1
LK4-B06,0,1,0,1
LK4-B07,0,1,1,1
LK4-B08,1,0,1,1
LK4-B10,1,0,1,1
LK4-B12,1,1,1,1
LK4-C07,1,0,1,0
LK4-C08,1,0,0,0
LK4-C09,1,0,0,1
LK4-C10,1,1,1,0
LK4-C11,1,1,1,1
LK4-D01,0,1,1,1
LK4-D02,1,1,1,1
LK4-D11,1,0,1,0
LK4-D12,1,0,0,1
LK4-E01,1,1,1,0
LK4-E02,0,1,0,1
LK4-E03,0,0,0,1
LK4-E07,0,1,1,0
LK4-G05,1,1,1,1
LK4-G06,1,1,1,1
LK4-G09,1,1,0,0
LK4-H01,1,1,1,0
LK4-H02,1,0,1,1
LK4-H03,0,1,0,1
LK4-H10,0,1,0,1
LK4-H11,1,1,1,1
LK4-H12,1,1,1,1
LK5-A03,0,0,0,0
LK5-A04,0,1,0,1
LK5-A05,0,0,0,1
LK5-A07,0,0,0,0
LK5-B01,1,1,1,0
LK5-B03,1,1,1,1
LK5-B05,1,1,0,1
LK5-B06,1,0,0,0
LK5-B07,1,0,0,1
LK5-C01,1,0,1,0
LK5-C03,1,1,0,1
LK5-C04,0,1,0,0
LK5-C10,0,0,0,1
LK5-C11,1,0,1,0
LK5-D03,0,1,1,1
LK5-D04,0,0,0,1
LK5-D05,0,1,0,1
LK5-D06,1,1,1,1
LK5-D08,1,1,0,0
LK5-D09,0,1,0,1
LK5-E01,1,0,1,0
LK5-E08,0,1,0,1
LK5-E09,1,0,1,0
LK5-E11,0,1,1,1
LK5-F01,0,1,0,1
LK5-F03,1,1,1,0
LK5-F05,1,1,1,0
LK5-F06,0,0,0,0
LK5-F07,0,1,0,0
LK5-F08,0,1,0,1
LK5-F10,1,0,0,0
LK5-G01,1,0,1,1
LK5-G03,1,1,0,1
LK5-G09,0,1,0,1
LK5-G11,0,1,0,1
LK5-H02,1,1,1,1
LK5-H04,1,1,1,1
LK5-H07,1,1,1,1
LK5-H08,0,1,0,1
LK5-H12,1,1,0,1
LK6-A03,1,1,1,0
LK6-A05,0,1,0,1
LK6-A07,0,0,0,1
LK6-A09,1,0,0,1
LK6-A10,1,1,1,1
LK6-A11,1,0,1,1
LK6-B03,1,0,1,1
LK6-B05,0,0,0,0
LK6-B07,1,0,1,1
LK6-B08,1,1,1,0
LK6-B09,1,0,1,0
LK6-B10,0,0,0,0
LK6-C01,1,1,1,1
LK6-C02,1,0,1,1
LK6-C05,1,1,1,0
LK6-C06,1,1,1,0
LK6-C08,1,1,1,0
LK6-C11,0,1,1,0
LK6-C12,0,1,0,0
LK6-D04,0,0,1,1
LK6-D05,1,1,1,0
LK6-D06,1,1,1,0
LK6-D07,1,0,1,1
LK6-D09,0,0,0,1
LK6-E01,1,1,0,1
LK6-E02,1,0,0,0
LK6-E04,1,1,1,1
LK6-E11,0,1,0,1
LK6-F03,1,1,0,1